Domain Code,Domain,Area Code (M49),Area,Element Code,Element,Item Code (CPC),Item,Year Code,Year,Unit,Value,Flag,Flag Description,Note
"TCL","Crops and livestock products","250","France","5910","Export Quantity","F1887","Dairy Products","1961","1961","t","273173","A","Official figure",""
"TCL","Crops and livestock products","250","France","5922","Export Value","F1887","Dairy Products","1961","1961","1000 USD","117945","A","Official figure",""
"TCL","Crops and livestock products","250","France","5910","Export Quantity","F1887","Dairy Products","1962","1962","t","243139","A","Official figure",""
"TCL","Crops and livestock products","250","France","5922","Export Value","F1887","Dairy Products","1962","1962","1000 USD","98869","A","Official figure",""
"TCL","Crops and livestock products","250","France","5910","Export Quantity","F1887","Dairy Products","1963","1963","t","296745","A","Official figure",""
"TCL","Crops and livestock products","250","France","5922","Export Value","F1887","Dairy Products","1963","1963","1000 USD","124401","A","Official figure",""
"TCL","Crops and livestock products","250","France","5910","Export Quantity","F1887","Dairy Products","1964","1964","t","300939","A","Official figure",""
"TCL","Crops and livestock products","250","France","5922","Export Value","F1887","Dairy Products","1964","1964","1000 USD","138628","A","Official figure",""
"TCL","Crops and livestock products","250","France","5910","Export Quantity","F1887","Dairy Products","1965","1965","t","384208","A","Official figure",""
"TCL","Crops and livestock products","250","France","5922","Export Value","F1887","Dairy Products","1965","1965","1000 USD","170841","A","Official figure",""
"TCL","Crops and livestock products","250","France","5910","Export Quantity","F1887","Dairy Products","1966","1966","t","608920","A","Official figure",""
"TCL","Crops and livestock products","250","France","5922","Export Value","F1887","Dairy Products","1966","1966","1000 USD","233970","A","Official figure",""
"TCL","Crops and livestock products","250","France","5910","Export Quantity","F1887","Dairy Products","1967","1967","t","635280","A","Official figure",""
"TCL","Crops and livestock products","250","France","5922","Export Value","F1887","Dairy Products","1967","1967","1000 USD","265061","A","Official figure",""
"TCL","Crops and livestock products","250","France","5910","Export Quantity","F1887","Dairy Products","1968","1968","t","724855","A","Official figure",""
"TCL","Crops and livestock products","250","France","5922","Export Value","F1887","Dairy Products","1968","1968","1000 USD","288545","A","Official figure",""
"TCL","Crops and livestock products","250","France","5910","Export Quantity","F1887","Dairy Products","1969","1969","t","736772","A","Official figure",""
"TCL","Crops and livestock products","250","France","5922","Export Value","F1887","Dairy Products","1969","1969","1000 USD","349878","A","Official figure",""
"TCL","Crops and livestock products","250","France","5910","Export Quantity","F1887","Dairy Products","1970","1970","t","838041","A","Official figure",""
"TCL","Crops and livestock products","250","France","5922","Export Value","F1887","Dairy Products","1970","1970","1000 USD","361893","A","Official figure",""
"TCL","Crops and livestock products","250","France","5910","Export Quantity","F1887","Dairy Products","1971","1971","t","1036322","A","Official figure",""
"TCL","Crops and livestock products","250","France","5922","Export Value","F1887","Dairy Products","1971","1971","1000 USD","494771","A","Official figure",""
"TCL","Crops and livestock products","250","France","5910","Export Quantity","F1887","Dairy Products","1972","1972","t","875168","A","Official figure",""
"TCL","Crops and livestock products","250","France","5922","Export Value","F1887","Dairy Products","1972","1972","1000 USD","518953","A","Official figure",""
"TCL","Crops and livestock products","250","France","5910","Export Quantity","F1887","Dairy Products","1973","1973","t","1102903","A","Official figure",""
"TCL","Crops and livestock products","250","France","5922","Export Value","F1887","Dairy Products","1973","1973","1000 USD","759386","A","Official figure",""
"TCL","Crops and livestock products","250","France","5910","Export Quantity","F1887","Dairy Products","1974","1974","t","1265196","A","Official figure",""
"TCL","Crops and livestock products","250","France","5922","Export Value","F1887","Dairy Products","1974","1974","1000 USD","930162","A","Official figure",""
"TCL","Crops and livestock products","250","France","5910","Export Quantity","F1887","Dairy Products","1975","1975","t","880043","A","Official figure",""
"TCL","Crops and livestock products","250","France","5922","Export Value","F1887","Dairy Products","1975","1975","1000 USD","917997","A","Official figure",""
"TCL","Crops and livestock products","250","France","5910","Export Quantity","F1887","Dairy Products","1976","1976","t","914319","A","Official figure",""
"TCL","Crops and livestock products","250","France","5922","Export Value","F1887","Dairy Products","1976","1976","1000 USD","951062","A","Official figure",""
"TCL","Crops and livestock products","250","France","5910","Export Quantity","F1887","Dairy Products","1977","1977","t","1186524","A","Official figure",""
"TCL","Crops and livestock products","250","France","5922","Export Value","F1887","Dairy Products","1977","1977","1000 USD","1197955","A","Official figure",""
"TCL","Crops and livestock products","250","France","5910","Export Quantity","F1887","Dairy Products","1978","1978","t","1060460","A","Official figure",""
"TCL","Crops and livestock products","250","France","5922","Export Value","F1887","Dairy Products","1978","1978","1000 USD","1303298","A","Official figure",""
"TCL","Crops and livestock products","250","France","5910","Export Quantity","F1887","Dairy Products","1979","1979","t","1189230","A","Official figure",""
"TCL","Crops and livestock products","250","France","5922","Export Value","F1887","Dairy Products","1979","1979","1000 USD","1666894","A","Official figure",""
"TCL","Crops and livestock products","250","France","5910","Export Quantity","F1887","Dairy Products","1980","1980","t","1273879","A","Official figure",""
"TCL","Crops and livestock products","250","France","5922","Export Value","F1887","Dairy Products","1980","1980","1000 USD","2024913","A","Official figure",""
"TCL","Crops and livestock products","250","France","5910","Export Quantity","F1887","Dairy Products","1981","1981","t","1427265","A","Official figure",""
"TCL","Crops and livestock products","250","France","5922","Export Value","F1887","Dairy Products","1981","1981","1000 USD","2102943","A","Official figure",""
"TCL","Crops and livestock products","250","France","5910","Export Quantity","F1887","Dairy Products","1982","1982","t","1307578","A","Official figure",""
"TCL","Crops and livestock products","250","France","5922","Export Value","F1887","Dairy Products","1982","1982","1000 USD","1829223","A","Official figure",""
"TCL","Crops and livestock products","250","France","5910","Export Quantity","F1887","Dairy Products","1983","1983","t","1343452","A","Official figure",""
"TCL","Crops and livestock products","250","France","5922","Export Value","F1887","Dairy Products","1983","1983","1000 USD","1697473","A","Official figure",""
"TCL","Crops and livestock products","250","France","5910","Export Quantity","F1887","Dairy Products","1984","1984","t","1501509","A","Official figure",""
"TCL","Crops and livestock products","250","France","5922","Export Value","F1887","Dairy Products","1984","1984","1000 USD","1677825","A","Official figure",""
"TCL","Crops and livestock products","250","France","5910","Export Quantity","F1887","Dairy Products","1985","1985","t","1519599","A","Official figure",""
"TCL","Crops and livestock products","250","France","5922","Export Value","F1887","Dairy Products","1985","1985","1000 USD","1676043","A","Official figure",""
"TCL","Crops and livestock products","250","France","5910","Export Quantity","F1887","Dairy Products","1986","1986","t","1678182","A","Official figure",""
"TCL","Crops and livestock products","250","France","5922","Export Value","F1887","Dairy Products","1986","1986","1000 USD","2085001","A","Official figure",""
"TCL","Crops and livestock products","250","France","5910","Export Quantity","F1887","Dairy Products","1987","1987","t","1577731","A","Official figure",""
"TCL","Crops and livestock products","250","France","5922","Export Value","F1887","Dairy Products","1987","1987","1000 USD","2418542","A","Official figure",""
"TCL","Crops and livestock products","250","France","5910","Export Quantity","F1887","Dairy Products","1988","1988","t","1696594","A","Official figure",""
"TCL","Crops and livestock products","250","France","5922","Export Value","F1887","Dairy Products","1988","1988","1000 USD","2884966","A","Official figure",""
"TCL","Crops and livestock products","250","France","5910","Export Quantity","F1887","Dairy Products","1989","1989","t","1653940","A","Official figure",""
"TCL","Crops and livestock products","250","France","5922","Export Value","F1887","Dairy Products","1989","1989","1000 USD","2886481","A","Official figure",""
"TCL","Crops and livestock products","250","France","5910","Export Quantity","F1887","Dairy Products","1990","1990","t","1733021","A","Official figure",""
"TCL","Crops and livestock products","250","France","5922","Export Value","F1887","Dairy Products","1990","1990","1000 USD","3388921","A","Official figure",""
"TCL","Crops and livestock products","250","France","5910","Export Quantity","F1887","Dairy Products","1991","1991","t","1771844","A","Official figure",""
"TCL","Crops and livestock products","250","France","5922","Export Value","F1887","Dairy Products","1991","1991","1000 USD","3318218","A","Official figure",""
"TCL","Crops and livestock products","250","France","5910","Export Quantity","F1887","Dairy Products","1992","1992","t","1930187","A","Official figure",""
"TCL","Crops and livestock products","250","France","5922","Export Value","F1887","Dairy Products","1992","1992","1000 USD","3692558","A","Official figure",""
"TCL","Crops and livestock products","250","France","5910","Export Quantity","F1887","Dairy Products","1993","1993","t","2070533","A","Official figure",""
"TCL","Crops and livestock products","250","France","5922","Export Value","F1887","Dairy Products","1993","1993","1000 USD","3596913","A","Official figure",""
"TCL","Crops and livestock products","250","France","5910","Export Quantity","F1887","Dairy Products","1994","1994","t","2342650","A","Official figure",""
"TCL","Crops and livestock products","250","France","5922","Export Value","F1887","Dairy Products","1994","1994","1000 USD","3895325","A","Official figure",""
"TCL","Crops and livestock products","250","France","5910","Export Quantity","F1887","Dairy Products","1995","1995","t","2267938","A","Official figure",""
"TCL","Crops and livestock products","250","France","5922","Export Value","F1887","Dairy Products","1995","1995","1000 USD","4547477","A","Official figure",""
"TCL","Crops and livestock products","250","France","5910","Export Quantity","F1887","Dairy Products","1996","1996","t","2301089","A","Official figure",""
"TCL","Crops and livestock products","250","France","5922","Export Value","F1887","Dairy Products","1996","1996","1000 USD","4298285","A","Official figure",""
"TCL","Crops and livestock products","250","France","5910","Export Quantity","F1887","Dairy Products","1997","1997","t","2330964","A","Official figure",""
"TCL","Crops and livestock products","250","France","5922","Export Value","F1887","Dairy Products","1997","1997","1000 USD","3963588","A","Official figure",""
"TCL","Crops and livestock products","250","France","5910","Export Quantity","F1887","Dairy Products","1998","1998","t","2312327","A","Official figure",""
"TCL","Crops and livestock products","250","France","5922","Export Value","F1887","Dairy Products","1998","1998","1000 USD","3883445","A","Official figure",""
"TCL","Crops and livestock products","250","France","5910","Export Quantity","F1887","Dairy Products","1999","1999","t","2409528","A","Official figure",""
"TCL","Crops and livestock products","250","France","5922","Export Value","F1887","Dairy Products","1999","1999","1000 USD","3746064","A","Official figure",""
"TCL","Crops and livestock products","250","France","5910","Export Quantity","F1887","Dairy Products","2000","2000","t","2536296","A","Official figure",""
"TCL","Crops and livestock products","250","France","5922","Export Value","F1887","Dairy Products","2000","2000","1000 USD","3592529","A","Official figure",""
"TCL","Crops and livestock products","250","France","5910","Export Quantity","F1887","Dairy Products","2001","2001","t","2547293","A","Official figure",""
"TCL","Crops and livestock products","250","France","5922","Export Value","F1887","Dairy Products","2001","2001","1000 USD","3464739","A","Official figure",""
"TCL","Crops and livestock products","250","France","5910","Export Quantity","F1887","Dairy Products","2002","2002","t","2383756","A","Official figure",""
"TCL","Crops and livestock products","250","France","5922","Export Value","F1887","Dairy Products","2002","2002","1000 USD","3592388","A","Official figure",""
"TCL","Crops and livestock products","250","France","5910","Export Quantity","F1887","Dairy Products","2003","2003","t","2456781","A","Official figure",""
"TCL","Crops and livestock products","250","France","5922","Export Value","F1887","Dairy Products","2003","2003","1000 USD","4286884","A","Official figure",""
"TCL","Crops and livestock products","250","France","5910","Export Quantity","F1887","Dairy Products","2004","2004","t","2554143","A","Official figure",""
"TCL","Crops and livestock products","250","France","5922","Export Value","F1887","Dairy Products","2004","2004","1000 USD","4838984","A","Official figure",""
"TCL","Crops and livestock products","250","France","5910","Export Quantity","F1887","Dairy Products","2005","2005","t","2595443","A","Official figure",""
"TCL","Crops and livestock products","250","France","5922","Export Value","F1887","Dairy Products","2005","2005","1000 USD","4960425","A","Official figure",""
"TCL","Crops and livestock products","250","France","5910","Export Quantity","F1887","Dairy Products","2006","2006","t","2584509","A","Official figure",""
"TCL","Crops and livestock products","250","France","5922","Export Value","F1887","Dairy Products","2006","2006","1000 USD","5126785","A","Official figure",""
"TCL","Crops and livestock products","250","France","5910","Export Quantity","F1887","Dairy Products","2007","2007","t","2795724","A","Official figure",""
"TCL","Crops and livestock products","250","France","5922","Export Value","F1887","Dairy Products","2007","2007","1000 USD","6394990","A","Official figure",""
"TCL","Crops and livestock products","250","France","5910","Export Quantity","F1887","Dairy Products","2008","2008","t","2888955","A","Official figure",""
"TCL","Crops and livestock products","250","France","5922","Export Value","F1887","Dairy Products","2008","2008","1000 USD","7331645","A","Official figure",""
"TCL","Crops and livestock products","250","France","5910","Export Quantity","F1887","Dairy Products","2009","2009","t","2798748","A","Official figure",""
"TCL","Crops and livestock products","250","France","5922","Export Value","F1887","Dairy Products","2009","2009","1000 USD","6195576","A","Official figure",""
"TCL","Crops and livestock products","250","France","5910","Export Quantity","F1887","Dairy Products","2010","2010","t","2986250","A","Official figure",""
"TCL","Crops and livestock products","250","France","5922","Export Value","F1887","Dairy Products","2010","2010","1000 USD","6786862","A","Official figure",""
"TCL","Crops and livestock products","250","France","5910","Export Quantity","F1887","Dairy Products","2011","2011","t","3283755","A","Official figure",""
"TCL","Crops and livestock products","250","France","5922","Export Value","F1887","Dairy Products","2011","2011","1000 USD","7847429","A","Official figure",""
"TCL","Crops and livestock products","250","France","5910","Export Quantity","F1887","Dairy Products","2012","2012","t","3258309","A","Official figure",""
"TCL","Crops and livestock products","250","France","5922","Export Value","F1887","Dairy Products","2012","2012","1000 USD","7337299","A","Official figure",""
"TCL","Crops and livestock products","250","France","5910","Export Quantity","F1887","Dairy Products","2013","2013","t","3115976","A","Official figure",""
"TCL","Crops and livestock products","250","France","5922","Export Value","F1887","Dairy Products","2013","2013","1000 USD","7910374","A","Official figure",""
"TCL","Crops and livestock products","250","France","5910","Export Quantity","F1887","Dairy Products","2014","2014","t","3242568.91","A","Official figure",""
"TCL","Crops and livestock products","250","France","5922","Export Value","F1887","Dairy Products","2014","2014","1000 USD","8503637.77","A","Official figure",""
"TCL","Crops and livestock products","250","France","5910","Export Quantity","F1887","Dairy Products","2015","2015","t","3300222.06","A","Official figure",""
"TCL","Crops and livestock products","250","France","5922","Export Value","F1887","Dairy Products","2015","2015","1000 USD","6611060.84","A","Official figure",""
"TCL","Crops and livestock products","250","France","5910","Export Quantity","F1887","Dairy Products","2016","2016","t","3174740.8","A","Official figure",""
"TCL","Crops and livestock products","250","France","5922","Export Value","F1887","Dairy Products","2016","2016","1000 USD","6278337.07","A","Official figure",""
"TCL","Crops and livestock products","250","France","5910","Export Quantity","F1887","Dairy Products","2017","2017","t","2946627.45","A","Official figure",""
"TCL","Crops and livestock products","250","France","5922","Export Value","F1887","Dairy Products","2017","2017","1000 USD","6787654.55","A","Official figure",""
"TCL","Crops and livestock products","250","France","5910","Export Quantity","F1887","Dairy Products","2018","2018","t","2931834.89","A","Official figure",""
"TCL","Crops and livestock products","250","France","5922","Export Value","F1887","Dairy Products","2018","2018","1000 USD","6922496.66","A","Official figure",""
"TCL","Crops and livestock products","250","France","5910","Export Quantity","F1887","Dairy Products","2019","2019","t","2810131.06","A","Official figure",""
"TCL","Crops and livestock products","250","France","5922","Export Value","F1887","Dairy Products","2019","2019","1000 USD","6694925.57","A","Official figure",""
"TCL","Crops and livestock products","250","France","5910","Export Quantity","F1887","Dairy Products","2020","2020","t","2835930.32","A","Official figure",""
"TCL","Crops and livestock products","250","France","5922","Export Value","F1887","Dairy Products","2020","2020","1000 USD","6895845.37","A","Official figure",""
"TCL","Crops and livestock products","250","France","5910","Export Quantity","F1887","Dairy Products","2021","2021","t","2689553.42","A","Official figure",""
"TCL","Crops and livestock products","250","France","5922","Export Value","F1887","Dairy Products","2021","2021","1000 USD","7538876.36","A","Official figure",""
"TCL","Crops and livestock products","250","France","5910","Export Quantity","F1887","Dairy Products","2022","2022","t","2575362.46","A","Official figure",""
"TCL","Crops and livestock products","250","France","5922","Export Value","F1887","Dairy Products","2022","2022","1000 USD","7867681.09","A","Official figure",""
"TCL","Crops and livestock products","276","Germany","5910","Export Quantity","F1887","Dairy Products","1961","1961","t","17826","A","Official figure",""
"TCL","Crops and livestock products","276","Germany","5922","Export Value","F1887","Dairy Products","1961","1961","1000 USD","10920","A","Official figure",""
"TCL","Crops and livestock products","276","Germany","5910","Export Quantity","F1887","Dairy Products","1962","1962","t","23728","A","Official figure",""
"TCL","Crops and livestock products","276","Germany","5922","Export Value","F1887","Dairy Products","1962","1962","1000 USD","14987","A","Official figure",""
"TCL","Crops and livestock products","276","Germany","5910","Export Quantity","F1887","Dairy Products","1963","1963","t","24103","A","Official figure",""
"TCL","Crops and livestock products","276","Germany","5922","Export Value","F1887","Dairy Products","1963","1963","1000 USD","16731","A","Official figure",""
"TCL","Crops and livestock products","276","Germany","5910","Export Quantity","F1887","Dairy Products","1964","1964","t","36599","A","Official figure",""
"TCL","Crops and livestock products","276","Germany","5922","Export Value","F1887","Dairy Products","1964","1964","1000 USD","23878","A","Official figure",""
"TCL","Crops and livestock products","276","Germany","5910","Export Quantity","F1887","Dairy Products","1965","1965","t","68504","A","Official figure",""
"TCL","Crops and livestock products","276","Germany","5922","Export Value","F1887","Dairy Products","1965","1965","1000 USD","55516","A","Official figure",""
"TCL","Crops and livestock products","276","Germany","5910","Export Quantity","F1887","Dairy Products","1966","1966","t","130378","A","Official figure",""
"TCL","Crops and livestock products","276","Germany","5922","Export Value","F1887","Dairy Products","1966","1966","1000 USD","67777","A","Official figure",""
"TCL","Crops and livestock products","276","Germany","5910","Export Quantity","F1887","Dairy Products","1967","1967","t","211265","A","Official figure",""
"TCL","Crops and livestock products","276","Germany","5922","Export Value","F1887","Dairy Products","1967","1967","1000 USD","99040","A","Official figure",""
"TCL","Crops and livestock products","276","Germany","5910","Export Quantity","F1887","Dairy Products","1968","1968","t","252706","A","Official figure",""
"TCL","Crops and livestock products","276","Germany","5922","Export Value","F1887","Dairy Products","1968","1968","1000 USD","113083","A","Official figure",""
"TCL","Crops and livestock products","276","Germany","5910","Export Quantity","F1887","Dairy Products","1969","1969","t","247992","A","Official figure",""
"TCL","Crops and livestock products","276","Germany","5922","Export Value","F1887","Dairy Products","1969","1969","1000 USD","123021","A","Official figure",""
"TCL","Crops and livestock products","276","Germany","5910","Export Quantity","F1887","Dairy Products","1970","1970","t","362505","A","Official figure",""
"TCL","Crops and livestock products","276","Germany","5922","Export Value","F1887","Dairy Products","1970","1970","1000 USD","149116","A","Official figure",""
"TCL","Crops and livestock products","276","Germany","5910","Export Quantity","F1887","Dairy Products","1971","1971","t","610401","A","Official figure",""
"TCL","Crops and livestock products","276","Germany","5922","Export Value","F1887","Dairy Products","1971","1971","1000 USD","288317","A","Official figure",""
"TCL","Crops and livestock products","276","Germany","5910","Export Quantity","F1887","Dairy Products","1972","1972","t","667559","A","Official figure",""
"TCL","Crops and livestock products","276","Germany","5922","Export Value","F1887","Dairy Products","1972","1972","1000 USD","291102","A","Official figure",""
"TCL","Crops and livestock products","276","Germany","5910","Export Quantity","F1887","Dairy Products","1973","1973","t","1015582","A","Official figure",""
"TCL","Crops and livestock products","276","Germany","5922","Export Value","F1887","Dairy Products","1973","1973","1000 USD","483611","A","Official figure",""
"TCL","Crops and livestock products","276","Germany","5910","Export Quantity","F1887","Dairy Products","1974","1974","t","1272912","A","Official figure",""
"TCL","Crops and livestock products","276","Germany","5922","Export Value","F1887","Dairy Products","1974","1974","1000 USD","755950","A","Official figure",""
"TCL","Crops and livestock products","276","Germany","5910","Export Quantity","F1887","Dairy Products","1975","1975","t","1235282","A","Official figure",""
"TCL","Crops and livestock products","276","Germany","5922","Export Value","F1887","Dairy Products","1975","1975","1000 USD","905097","A","Official figure",""
"TCL","Crops and livestock products","276","Germany","5910","Export Quantity","F1887","Dairy Products","1976","1976","t","1447461","A","Official figure",""
"TCL","Crops and livestock products","276","Germany","5922","Export Value","F1887","Dairy Products","1976","1976","1000 USD","874957","A","Official figure",""
"TCL","Crops and livestock products","276","Germany","5910","Export Quantity","F1887","Dairy Products","1977","1977","t","1841077","A","Official figure",""
"TCL","Crops and livestock products","276","Germany","5922","Export Value","F1887","Dairy Products","1977","1977","1000 USD","1142616","A","Official figure",""
"TCL","Crops and livestock products","276","Germany","5910","Export Quantity","F1887","Dairy Products","1978","1978","t","2162487","A","Official figure",""
"TCL","Crops and livestock products","276","Germany","5922","Export Value","F1887","Dairy Products","1978","1978","1000 USD","1434726","A","Official figure",""
"TCL","Crops and livestock products","276","Germany","5910","Export Quantity","F1887","Dairy Products","1979","1979","t","2513038","A","Official figure",""
"TCL","Crops and livestock products","276","Germany","5922","Export Value","F1887","Dairy Products","1979","1979","1000 USD","1987115","A","Official figure",""
"TCL","Crops and livestock products","276","Germany","5910","Export Quantity","F1887","Dairy Products","1980","1980","t","2532628","A","Official figure",""
"TCL","Crops and livestock products","276","Germany","5922","Export Value","F1887","Dairy Products","1980","1980","1000 USD","2458480","A","Official figure",""
"TCL","Crops and livestock products","276","Germany","5910","Export Quantity","F1887","Dairy Products","1981","1981","t","2729373","A","Official figure",""
"TCL","Crops and livestock products","276","Germany","5922","Export Value","F1887","Dairy Products","1981","1981","1000 USD","2339692","A","Official figure",""
"TCL","Crops and livestock products","276","Germany","5910","Export Quantity","F1887","Dairy Products","1982","1982","t","2868789","A","Official figure",""
"TCL","Crops and livestock products","276","Germany","5922","Export Value","F1887","Dairy Products","1982","1982","1000 USD","2221703","A","Official figure",""
"TCL","Crops and livestock products","276","Germany","5910","Export Quantity","F1887","Dairy Products","1983","1983","t","2830306","A","Official figure",""
"TCL","Crops and livestock products","276","Germany","5922","Export Value","F1887","Dairy Products","1983","1983","1000 USD","1895752","A","Official figure",""
"TCL","Crops and livestock products","276","Germany","5910","Export Quantity","F1887","Dairy Products","1984","1984","t","2925996","A","Official figure",""
"TCL","Crops and livestock products","276","Germany","5922","Export Value","F1887","Dairy Products","1984","1984","1000 USD","1859912","A","Official figure",""
"TCL","Crops and livestock products","276","Germany","5910","Export Quantity","F1887","Dairy Products","1985","1985","t","3118229","A","Official figure",""
"TCL","Crops and livestock products","276","Germany","5922","Export Value","F1887","Dairy Products","1985","1985","1000 USD","1800273","A","Official figure",""
"TCL","Crops and livestock products","276","Germany","5910","Export Quantity","F1887","Dairy Products","1986","1986","t","3036168","A","Official figure",""
"TCL","Crops and livestock products","276","Germany","5922","Export Value","F1887","Dairy Products","1986","1986","1000 USD","2342487","A","Official figure",""
"TCL","Crops and livestock products","276","Germany","5910","Export Quantity","F1887","Dairy Products","1987","1987","t","3398349","A","Official figure",""
"TCL","Crops and livestock products","276","Germany","5922","Export Value","F1887","Dairy Products","1987","1987","1000 USD","3131656","A","Official figure",""
"TCL","Crops and livestock products","276","Germany","5910","Export Quantity","F1887","Dairy Products","1988","1988","t","3589752","A","Official figure",""
"TCL","Crops and livestock products","276","Germany","5922","Export Value","F1887","Dairy Products","1988","1988","1000 USD","4222710","A","Official figure",""
"TCL","Crops and livestock products","276","Germany","5910","Export Quantity","F1887","Dairy Products","1989","1989","t","2946510","A","Official figure",""
"TCL","Crops and livestock products","276","Germany","5922","Export Value","F1887","Dairy Products","1989","1989","1000 USD","3626129","A","Official figure",""
"TCL","Crops and livestock products","276","Germany","5910","Export Quantity","F1887","Dairy Products","1990","1990","t","2591184","A","Official figure",""
"TCL","Crops and livestock products","276","Germany","5922","Export Value","F1887","Dairy Products","1990","1990","1000 USD","3420445","A","Official figure",""
"TCL","Crops and livestock products","276","Germany","5910","Export Quantity","F1887","Dairy Products","1991","1991","t","3217617","A","Official figure",""
"TCL","Crops and livestock products","276","Germany","5922","Export Value","F1887","Dairy Products","1991","1991","1000 USD","3986382","A","Official figure",""
"TCL","Crops and livestock products","276","Germany","5910","Export Quantity","F1887","Dairy Products","1992","1992","t","3308141","A","Official figure",""
"TCL","Crops and livestock products","276","Germany","5922","Export Value","F1887","Dairy Products","1992","1992","1000 USD","4585444","A","Official figure",""
"TCL","Crops and livestock products","276","Germany","5910","Export Quantity","F1887","Dairy Products","1993","1993","t","3497429","A","Official figure",""
"TCL","Crops and livestock products","276","Germany","5922","Export Value","F1887","Dairy Products","1993","1993","1000 USD","4224138","A","Official figure",""
"TCL","Crops and livestock products","276","Germany","5910","Export Quantity","F1887","Dairy Products","1994","1994","t","3469817","A","Official figure",""
"TCL","Crops and livestock products","276","Germany","5922","Export Value","F1887","Dairy Products","1994","1994","1000 USD","4014520","A","Official figure",""
"TCL","Crops and livestock products","276","Germany","5910","Export Quantity","F1887","Dairy Products","1995","1995","t","3413032","A","Official figure",""
"TCL","Crops and livestock products","276","Germany","5922","Export Value","F1887","Dairy Products","1995","1995","1000 USD","4515591","A","Official figure",""
"TCL","Crops and livestock products","276","Germany","5910","Export Quantity","F1887","Dairy Products","1996","1996","t","3711466","A","Official figure",""
"TCL","Crops and livestock products","276","Germany","5922","Export Value","F1887","Dairy Products","1996","1996","1000 USD","4802861","A","Official figure",""
"TCL","Crops and livestock products","276","Germany","5910","Export Quantity","F1887","Dairy Products","1997","1997","t","3997502","A","Official figure",""
"TCL","Crops and livestock products","276","Germany","5922","Export Value","F1887","Dairy Products","1997","1997","1000 USD","4493800","A","Official figure",""
"TCL","Crops and livestock products","276","Germany","5910","Export Quantity","F1887","Dairy Products","1998","1998","t","4001513","A","Official figure",""
"TCL","Crops and livestock products","276","Germany","5922","Export Value","F1887","Dairy Products","1998","1998","1000 USD","4451721","A","Official figure",""
"TCL","Crops and livestock products","276","Germany","5910","Export Quantity","F1887","Dairy Products","1999","1999","t","3774085","A","Official figure",""
"TCL","Crops and livestock products","276","Germany","5922","Export Value","F1887","Dairy Products","1999","1999","1000 USD","3933631","A","Official figure",""
"TCL","Crops and livestock products","276","Germany","5910","Export Quantity","F1887","Dairy Products","2000","2000","t","4168690","A","Official figure",""
"TCL","Crops and livestock products","276","Germany","5922","Export Value","F1887","Dairy Products","2000","2000","1000 USD","3935669","A","Official figure",""
"TCL","Crops and livestock products","276","Germany","5910","Export Quantity","F1887","Dairy Products","2001","2001","t","4058404","A","Official figure",""
"TCL","Crops and livestock products","276","Germany","5922","Export Value","F1887","Dairy Products","2001","2001","1000 USD","4030882","A","Official figure",""
"TCL","Crops and livestock products","276","Germany","5910","Export Quantity","F1887","Dairy Products","2002","2002","t","3738791","A","Official figure",""
"TCL","Crops and livestock products","276","Germany","5922","Export Value","F1887","Dairy Products","2002","2002","1000 USD","3444423","A","Official figure",""
"TCL","Crops and livestock products","276","Germany","5910","Export Quantity","F1887","Dairy Products","2003","2003","t","4399967","A","Official figure",""
"TCL","Crops and livestock products","276","Germany","5922","Export Value","F1887","Dairy Products","2003","2003","1000 USD","5015606","A","Official figure",""
"TCL","Crops and livestock products","276","Germany","5910","Export Quantity","F1887","Dairy Products","2004","2004","t","4999777","A","Official figure",""
"TCL","Crops and livestock products","276","Germany","5922","Export Value","F1887","Dairy Products","2004","2004","1000 USD","5991544","A","Official figure",""
"TCL","Crops and livestock products","276","Germany","5910","Export Quantity","F1887","Dairy Products","2005","2005","t","4572810","A","Official figure",""
"TCL","Crops and livestock products","276","Germany","5922","Export Value","F1887","Dairy Products","2005","2005","1000 USD","5827150","A","Official figure",""
"TCL","Crops and livestock products","276","Germany","5910","Export Quantity","F1887","Dairy Products","2006","2006","t","4653599","A","Official figure",""
"TCL","Crops and livestock products","276","Germany","5922","Export Value","F1887","Dairy Products","2006","2006","1000 USD","6203165","A","Official figure",""
"TCL","Crops and livestock products","276","Germany","5910","Export Quantity","F1887","Dairy Products","2007","2007","t","4912647","A","Official figure",""
"TCL","Crops and livestock products","276","Germany","5922","Export Value","F1887","Dairy Products","2007","2007","1000 USD","8652478","A","Official figure",""
"TCL","Crops and livestock products","276","Germany","5910","Export Quantity","F1887","Dairy Products","2008","2008","t","5109312","A","Official figure",""
"TCL","Crops and livestock products","276","Germany","5922","Export Value","F1887","Dairy Products","2008","2008","1000 USD","9427537","A","Official figure",""
"TCL","Crops and livestock products","276","Germany","5910","Export Quantity","F1887","Dairy Products","2009","2009","t","5203141","A","Official figure",""
"TCL","Crops and livestock products","276","Germany","5922","Export Value","F1887","Dairy Products","2009","2009","1000 USD","7537847","A","Official figure",""
"TCL","Crops and livestock products","276","Germany","5910","Export Quantity","F1887","Dairy Products","2010","2010","t","5480226","A","Official figure",""
"TCL","Crops and livestock products","276","Germany","5922","Export Value","F1887","Dairy Products","2010","2010","1000 USD","8653881","A","Official figure",""
"TCL","Crops and livestock products","276","Germany","5910","Export Quantity","F1887","Dairy Products","2011","2011","t","5616579","A","Official figure",""
"TCL","Crops and livestock products","276","Germany","5922","Export Value","F1887","Dairy Products","2011","2011","1000 USD","10365930","A","Official figure",""
"TCL","Crops and livestock products","276","Germany","5910","Export Quantity","F1887","Dairy Products","2012","2012","t","5589363","A","Official figure",""
"TCL","Crops and livestock products","276","Germany","5922","Export Value","F1887","Dairy Products","2012","2012","1000 USD","9552149","A","Official figure",""
"TCL","Crops and livestock products","276","Germany","5910","Export Quantity","F1887","Dairy Products","2013","2013","t","5524760","A","Official figure",""
"TCL","Crops and livestock products","276","Germany","5922","Export Value","F1887","Dairy Products","2013","2013","1000 USD","11114491","A","Official figure",""
"TCL","Crops and livestock products","276","Germany","5910","Export Quantity","F1887","Dairy Products","2014","2014","t","5861077.33","A","Official figure",""
"TCL","Crops and livestock products","276","Germany","5922","Export Value","F1887","Dairy Products","2014","2014","1000 USD","11481717.41","A","Official figure",""
"TCL","Crops and livestock products","276","Germany","5910","Export Quantity","F1887","Dairy Products","2015","2015","t","5847925.66","A","Official figure",""
"TCL","Crops and livestock products","276","Germany","5922","Export Value","F1887","Dairy Products","2015","2015","1000 USD","8348605.65","A","Official figure",""
"TCL","Crops and livestock products","276","Germany","5910","Export Quantity","F1887","Dairy Products","2016","2016","t","5983088.4","A","Official figure",""
"TCL","Crops and livestock products","276","Germany","5922","Export Value","F1887","Dairy Products","2016","2016","1000 USD","8003605.46","A","Official figure",""
"TCL","Crops and livestock products","276","Germany","5910","Export Quantity","F1887","Dairy Products","2017","2017","t","5648337.55","A","Official figure",""
"TCL","Crops and livestock products","276","Germany","5922","Export Value","F1887","Dairy Products","2017","2017","1000 USD","9582696.17","A","Official figure",""
"TCL","Crops and livestock products","276","Germany","5910","Export Quantity","F1887","Dairy Products","2018","2018","t","5450303.82","A","Official figure",""
"TCL","Crops and livestock products","276","Germany","5922","Export Value","F1887","Dairy Products","2018","2018","1000 USD","9624978.79","A","Official figure",""
"TCL","Crops and livestock products","276","Germany","5910","Export Quantity","F1887","Dairy Products","2019","2019","t","5664385.99","A","Official figure",""
"TCL","Crops and livestock products","276","Germany","5922","Export Value","F1887","Dairy Products","2019","2019","1000 USD","9576798.78","A","Official figure",""
"TCL","Crops and livestock products","276","Germany","5910","Export Quantity","F1887","Dairy Products","2020","2020","t","5497485.05","A","Official figure",""
"TCL","Crops and livestock products","276","Germany","5922","Export Value","F1887","Dairy Products","2020","2020","1000 USD","9861287.85","A","Official figure",""
"TCL","Crops and livestock products","276","Germany","5910","Export Quantity","F1887","Dairy Products","2021","2021","t","5482618.36","A","Official figure",""
"TCL","Crops and livestock products","276","Germany","5922","Export Value","F1887","Dairy Products","2021","2021","1000 USD","10869051.84","A","Official figure",""
"TCL","Crops and livestock products","276","Germany","5910","Export Quantity","F1887","Dairy Products","2022","2022","t","4883262.49","A","Official figure",""
"TCL","Crops and livestock products","276","Germany","5922","Export Value","F1887","Dairy Products","2022","2022","1000 USD","12367197.28","A","Official figure",""
"TCL","Crops and livestock products","372","Ireland","5910","Export Quantity","F1887","Dairy Products","1961","1961","t","30801","A","Official figure",""
"TCL","Crops and livestock products","372","Ireland","5922","Export Value","F1887","Dairy Products","1961","1961","1000 USD","17655","A","Official figure",""
"TCL","Crops and livestock products","372","Ireland","5910","Export Quantity","F1887","Dairy Products","1962","1962","t","32703","A","Official figure",""
"TCL","Crops and livestock products","372","Ireland","5922","Export Value","F1887","Dairy Products","1962","1962","1000 USD","22540","A","Official figure",""
"TCL","Crops and livestock products","372","Ireland","5910","Export Quantity","F1887","Dairy Products","1963","1963","t","42601","A","Official figure",""
"TCL","Crops and livestock products","372","Ireland","5922","Export Value","F1887","Dairy Products","1963","1963","1000 USD","31575","A","Official figure",""
"TCL","Crops and livestock products","372","Ireland","5910","Export Quantity","F1887","Dairy Products","1964","1964","t","50903","A","Official figure",""
"TCL","Crops and livestock products","372","Ireland","5922","Export Value","F1887","Dairy Products","1964","1964","1000 USD","35966","A","Official figure",""
"TCL","Crops and livestock products","372","Ireland","5910","Export Quantity","F1887","Dairy Products","1965","1965","t","61968","A","Official figure",""
"TCL","Crops and livestock products","372","Ireland","5922","Export Value","F1887","Dairy Products","1965","1965","1000 USD","37743","A","Official figure",""
"TCL","Crops and livestock products","372","Ireland","5910","Export Quantity","F1887","Dairy Products","1966","1966","t","66370","A","Official figure",""
"TCL","Crops and livestock products","372","Ireland","5922","Export Value","F1887","Dairy Products","1966","1966","1000 USD","43747","A","Official figure",""
"TCL","Crops and livestock products","372","Ireland","5910","Export Quantity","F1887","Dairy Products","1967","1967","t","80365","A","Official figure",""
"TCL","Crops and livestock products","372","Ireland","5922","Export Value","F1887","Dairy Products","1967","1967","1000 USD","52841","A","Official figure",""
"TCL","Crops and livestock products","372","Ireland","5910","Export Quantity","F1887","Dairy Products","1968","1968","t","98835","A","Official figure",""
"TCL","Crops and livestock products","372","Ireland","5922","Export Value","F1887","Dairy Products","1968","1968","1000 USD","52127","A","Official figure",""
"TCL","Crops and livestock products","372","Ireland","5910","Export Quantity","F1887","Dairy Products","1969","1969","t","105662","A","Official figure",""
"TCL","Crops and livestock products","372","Ireland","5922","Export Value","F1887","Dairy Products","1969","1969","1000 USD","51886","A","Official figure",""
"TCL","Crops and livestock products","372","Ireland","5910","Export Quantity","F1887","Dairy Products","1970","1970","t","119025","A","Official figure",""
"TCL","Crops and livestock products","372","Ireland","5922","Export Value","F1887","Dairy Products","1970","1970","1000 USD","62997","A","Official figure",""
"TCL","Crops and livestock products","372","Ireland","5910","Export Quantity","F1887","Dairy Products","1971","1971","t","123091","A","Official figure",""
"TCL","Crops and livestock products","372","Ireland","5922","Export Value","F1887","Dairy Products","1971","1971","1000 USD","87507","A","Official figure",""
"TCL","Crops and livestock products","372","Ireland","5910","Export Quantity","F1887","Dairy Products","1972","1972","t","108630","A","Official figure",""
"TCL","Crops and livestock products","372","Ireland","5922","Export Value","F1887","Dairy Products","1972","1972","1000 USD","104413","A","Official figure",""
"TCL","Crops and livestock products","372","Ireland","5910","Export Quantity","F1887","Dairy Products","1973","1973","t","220077","A","Official figure",""
"TCL","Crops and livestock products","372","Ireland","5922","Export Value","F1887","Dairy Products","1973","1973","1000 USD","182111","A","Official figure",""
"TCL","Crops and livestock products","372","Ireland","5910","Export Quantity","F1887","Dairy Products","1974","1974","t","175092","A","Official figure",""
"TCL","Crops and livestock products","372","Ireland","5922","Export Value","F1887","Dairy Products","1974","1974","1000 USD","200334","A","Official figure",""
"TCL","Crops and livestock products","372","Ireland","5910","Export Quantity","F1887","Dairy Products","1975","1975","t","255396","A","Official figure",""
"TCL","Crops and livestock products","372","Ireland","5922","Export Value","F1887","Dairy Products","1975","1975","1000 USD","339013","A","Official figure",""
"TCL","Crops and livestock products","372","Ireland","5910","Export Quantity","F1887","Dairy Products","1976","1976","t","294408","A","Official figure",""
"TCL","Crops and livestock products","372","Ireland","5922","Export Value","F1887","Dairy Products","1976","1976","1000 USD","363021","A","Official figure",""
"TCL","Crops and livestock products","372","Ireland","5910","Export Quantity","F1887","Dairy Products","1977","1977","t","288671","A","Official figure",""
"TCL","Crops and livestock products","372","Ireland","5922","Export Value","F1887","Dairy Products","1977","1977","1000 USD","333672","A","Official figure",""
"TCL","Crops and livestock products","372","Ireland","5910","Export Quantity","F1887","Dairy Products","1978","1978","t","312784","A","Official figure",""
"TCL","Crops and livestock products","372","Ireland","5922","Export Value","F1887","Dairy Products","1978","1978","1000 USD","474495","A","Official figure",""
"TCL","Crops and livestock products","372","Ireland","5910","Export Quantity","F1887","Dairy Products","1979","1979","t","395257","A","Official figure",""
"TCL","Crops and livestock products","372","Ireland","5922","Export Value","F1887","Dairy Products","1979","1979","1000 USD","668059","A","Official figure",""
"TCL","Crops and livestock products","372","Ireland","5910","Export Quantity","F1887","Dairy Products","1980","1980","t","315235","A","Official figure",""
"TCL","Crops and livestock products","372","Ireland","5922","Export Value","F1887","Dairy Products","1980","1980","1000 USD","592636","A","Official figure",""
"TCL","Crops and livestock products","372","Ireland","5910","Export Quantity","F1887","Dairy Products","1981","1981","t","298299","A","Official figure",""
"TCL","Crops and livestock products","372","Ireland","5922","Export Value","F1887","Dairy Products","1981","1981","1000 USD","604101","A","Official figure",""
"TCL","Crops and livestock products","372","Ireland","5910","Export Quantity","F1887","Dairy Products","1982","1982","t","266336","A","Official figure",""
"TCL","Crops and livestock products","372","Ireland","5922","Export Value","F1887","Dairy Products","1982","1982","1000 USD","531119","A","Official figure",""
"TCL","Crops and livestock products","372","Ireland","5910","Export Quantity","F1887","Dairy Products","1983","1983","t","265653","A","Official figure",""
"TCL","Crops and livestock products","372","Ireland","5922","Export Value","F1887","Dairy Products","1983","1983","1000 USD","492365","A","Official figure",""
"TCL","Crops and livestock products","372","Ireland","5910","Export Quantity","F1887","Dairy Products","1984","1984","t","445646","A","Official figure",""
"TCL","Crops and livestock products","372","Ireland","5922","Export Value","F1887","Dairy Products","1984","1984","1000 USD","634816","A","Official figure",""
"TCL","Crops and livestock products","372","Ireland","5910","Export Quantity","F1887","Dairy Products","1985","1985","t","432647","A","Official figure",""
"TCL","Crops and livestock products","372","Ireland","5922","Export Value","F1887","Dairy Products","1985","1985","1000 USD","567156","A","Official figure",""
"TCL","Crops and livestock products","372","Ireland","5910","Export Quantity","F1887","Dairy Products","1986","1986","t","343893","A","Official figure",""
"TCL","Crops and livestock products","372","Ireland","5922","Export Value","F1887","Dairy Products","1986","1986","1000 USD","628983","A","Official figure",""
"TCL","Crops and livestock products","372","Ireland","5910","Export Quantity","F1887","Dairy Products","1987","1987","t","404871","A","Official figure",""
"TCL","Crops and livestock products","372","Ireland","5922","Export Value","F1887","Dairy Products","1987","1987","1000 USD","921555","A","Official figure",""
"TCL","Crops and livestock products","372","Ireland","5910","Export Quantity","F1887","Dairy Products","1988","1988","t","440040","A","Official figure",""
"TCL","Crops and livestock products","372","Ireland","5922","Export Value","F1887","Dairy Products","1988","1988","1000 USD","1029618","A","Official figure",""
"TCL","Crops and livestock products","372","Ireland","5910","Export Quantity","F1887","Dairy Products","1989","1989","t","443641","A","Official figure",""
"TCL","Crops and livestock products","372","Ireland","5922","Export Value","F1887","Dairy Products","1989","1989","1000 USD","1119422","A","Official figure",""
"TCL","Crops and livestock products","372","Ireland","5910","Export Quantity","F1887","Dairy Products","1990","1990","t","320774","A","Official figure",""
"TCL","Crops and livestock products","372","Ireland","5922","Export Value","F1887","Dairy Products","1990","1990","1000 USD","842612","A","Official figure",""
"TCL","Crops and livestock products","372","Ireland","5910","Export Quantity","F1887","Dairy Products","1991","1991","t","388217","A","Official figure",""
"TCL","Crops and livestock products","372","Ireland","5922","Export Value","F1887","Dairy Products","1991","1991","1000 USD","992178","A","Official figure",""
"TCL","Crops and livestock products","372","Ireland","5910","Export Quantity","F1887","Dairy Products","1992","1992","t","690482","A","Official figure",""
"TCL","Crops and livestock products","372","Ireland","5922","Export Value","F1887","Dairy Products","1992","1992","1000 USD","1698984","A","Official figure",""
"TCL","Crops and livestock products","372","Ireland","5910","Export Quantity","F1887","Dairy Products","1993","1993","t","464373","A","Official figure",""
"TCL","Crops and livestock products","372","Ireland","5922","Export Value","F1887","Dairy Products","1993","1993","1000 USD","1144215","A","Official figure",""
"TCL","Crops and livestock products","372","Ireland","5910","Export Quantity","F1887","Dairy Products","1994","1994","t","501699","A","Official figure",""
"TCL","Crops and livestock products","372","Ireland","5922","Export Value","F1887","Dairy Products","1994","1994","1000 USD","1144350","A","Official figure",""
"TCL","Crops and livestock products","372","Ireland","5910","Export Quantity","F1887","Dairy Products","1995","1995","t","620506","A","Official figure",""
"TCL","Crops and livestock products","372","Ireland","5922","Export Value","F1887","Dairy Products","1995","1995","1000 USD","1572304","A","Official figure",""
"TCL","Crops and livestock products","372","Ireland","5910","Export Quantity","F1887","Dairy Products","1996","1996","t","514120","A","Official figure",""
"TCL","Crops and livestock products","372","Ireland","5922","Export Value","F1887","Dairy Products","1996","1996","1000 USD","1198524","A","Official figure",""
"TCL","Crops and livestock products","372","Ireland","5910","Export Quantity","F1887","Dairy Products","1997","1997","t","548879","A","Official figure",""
"TCL","Crops and livestock products","372","Ireland","5922","Export Value","F1887","Dairy Products","1997","1997","1000 USD","1240097","A","Official figure",""
"TCL","Crops and livestock products","372","Ireland","5910","Export Quantity","F1887","Dairy Products","1998","1998","t","531579","A","Official figure",""
"TCL","Crops and livestock products","372","Ireland","5922","Export Value","F1887","Dairy Products","1998","1998","1000 USD","1118575","A","Official figure",""
"TCL","Crops and livestock products","372","Ireland","5910","Export Quantity","F1887","Dairy Products","1999","1999","t","522813","A","Official figure",""
"TCL","Crops and livestock products","372","Ireland","5922","Export Value","F1887","Dairy Products","1999","1999","1000 USD","1051940","A","Official figure",""
"TCL","Crops and livestock products","372","Ireland","5910","Export Quantity","F1887","Dairy Products","2000","2000","t","589126","A","Official figure",""
"TCL","Crops and livestock products","372","Ireland","5922","Export Value","F1887","Dairy Products","2000","2000","1000 USD","1029254.22","A","Official figure",""
"TCL","Crops and livestock products","372","Ireland","5910","Export Quantity","F1887","Dairy Products","2001","2001","t","476097","A","Official figure",""
"TCL","Crops and livestock products","372","Ireland","5922","Export Value","F1887","Dairy Products","2001","2001","1000 USD","937061","A","Official figure",""
"TCL","Crops and livestock products","372","Ireland","5910","Export Quantity","F1887","Dairy Products","2002","2002","t","428425","A","Official figure",""
"TCL","Crops and livestock products","372","Ireland","5922","Export Value","F1887","Dairy Products","2002","2002","1000 USD","842422","A","Official figure",""
"TCL","Crops and livestock products","372","Ireland","5910","Export Quantity","F1887","Dairy Products","2003","2003","t","488448","A","Official figure",""
"TCL","Crops and livestock products","372","Ireland","5922","Export Value","F1887","Dairy Products","2003","2003","1000 USD","1055519","A","Official figure",""
"TCL","Crops and livestock products","372","Ireland","5910","Export Quantity","F1887","Dairy Products","2004","2004","t","534408","A","Official figure",""
"TCL","Crops and livestock products","372","Ireland","5922","Export Value","F1887","Dairy Products","2004","2004","1000 USD","1287471","A","Official figure",""
"TCL","Crops and livestock products","372","Ireland","5910","Export Quantity","F1887","Dairy Products","2005","2005","t","533962","A","Official figure",""
"TCL","Crops and livestock products","372","Ireland","5922","Export Value","F1887","Dairy Products","2005","2005","1000 USD","1342426","A","Official figure",""
"TCL","Crops and livestock products","372","Ireland","5910","Export Quantity","F1887","Dairy Products","2006","2006","t","610822","A","Official figure",""
"TCL","Crops and livestock products","372","Ireland","5922","Export Value","F1887","Dairy Products","2006","2006","1000 USD","1462538","A","Official figure",""
"TCL","Crops and livestock products","372","Ireland","5910","Export Quantity","F1887","Dairy Products","2007","2007","t","705690","A","Official figure",""
"TCL","Crops and livestock products","372","Ireland","5922","Export Value","F1887","Dairy Products","2007","2007","1000 USD","1958498","A","Official figure",""
"TCL","Crops and livestock products","372","Ireland","5910","Export Quantity","F1887","Dairy Products","2008","2008","t","640556","A","Official figure",""
"TCL","Crops and livestock products","372","Ireland","5922","Export Value","F1887","Dairy Products","2008","2008","1000 USD","2097643","A","Official figure",""
"TCL","Crops and livestock products","372","Ireland","5910","Export Quantity","F1887","Dairy Products","2009","2009","t","656751","A","Official figure",""
"TCL","Crops and livestock products","372","Ireland","5922","Export Value","F1887","Dairy Products","2009","2009","1000 USD","1523861","A","Official figure",""
"TCL","Crops and livestock products","372","Ireland","5910","Export Quantity","F1887","Dairy Products","2010","2010","t","658405","A","Official figure",""
"TCL","Crops and livestock products","372","Ireland","5922","Export Value","F1887","Dairy Products","2010","2010","1000 USD","1868535","A","Official figure",""
"TCL","Crops and livestock products","372","Ireland","5910","Export Quantity","F1887","Dairy Products","2011","2011","t","743982","A","Official figure",""
"TCL","Crops and livestock products","372","Ireland","5922","Export Value","F1887","Dairy Products","2011","2011","1000 USD","2440318","A","Official figure",""
"TCL","Crops and livestock products","372","Ireland","5910","Export Quantity","F1887","Dairy Products","2012","2012","t","680204","A","Official figure",""
"TCL","Crops and livestock products","372","Ireland","5922","Export Value","F1887","Dairy Products","2012","2012","1000 USD","1999228","A","Official figure",""
"TCL","Crops and livestock products","372","Ireland","5910","Export Quantity","F1887","Dairy Products","2013","2013","t","738835","A","Official figure",""
"TCL","Crops and livestock products","372","Ireland","5922","Export Value","F1887","Dairy Products","2013","2013","1000 USD","2405971","A","Official figure",""
"TCL","Crops and livestock products","372","Ireland","5910","Export Quantity","F1887","Dairy Products","2014","2014","t","632983.55","A","Official figure",""
"TCL","Crops and livestock products","372","Ireland","5922","Export Value","F1887","Dairy Products","2014","2014","1000 USD","2314126.13","A","Official figure",""
"TCL","Crops and livestock products","372","Ireland","5910","Export Quantity","F1887","Dairy Products","2015","2015","t","680977.66","A","Official figure",""
"TCL","Crops and livestock products","372","Ireland","5922","Export Value","F1887","Dairy Products","2015","2015","1000 USD","1869819.73","A","Official figure",""
"TCL","Crops and livestock products","372","Ireland","5910","Export Quantity","F1887","Dairy Products","2016","2016","t","697842.5","A","Official figure",""
"TCL","Crops and livestock products","372","Ireland","5922","Export Value","F1887","Dairy Products","2016","2016","1000 USD","1868909.98","A","Official figure",""
"TCL","Crops and livestock products","372","Ireland","5910","Export Quantity","F1887","Dairy Products","2017","2017","t","825850.52","A","Official figure",""
"TCL","Crops and livestock products","372","Ireland","5922","Export Value","F1887","Dairy Products","2017","2017","1000 USD","2627361.31","A","Official figure",""
"TCL","Crops and livestock products","372","Ireland","5910","Export Quantity","F1887","Dairy Products","2018","2018","t","893634.22","A","Official figure",""
"TCL","Crops and livestock products","372","Ireland","5922","Export Value","F1887","Dairy Products","2018","2018","1000 USD","3013796.67","A","Official figure",""
"TCL","Crops and livestock products","372","Ireland","5910","Export Quantity","F1887","Dairy Products","2019","2019","t","1019726.63","A","Official figure",""
"TCL","Crops and livestock products","372","Ireland","5922","Export Value","F1887","Dairy Products","2019","2019","1000 USD","3270670.89","A","Official figure",""
"TCL","Crops and livestock products","372","Ireland","5910","Export Quantity","F1887","Dairy Products","2020","2020","t","1130307.26","A","Official figure",""
"TCL","Crops and livestock products","372","Ireland","5922","Export Value","F1887","Dairy Products","2020","2020","1000 USD","3314142.75","A","Official figure",""
"TCL","Crops and livestock products","372","Ireland","5910","Export Quantity","F1887","Dairy Products","2021","2021","t","1141833.27","A","Official figure",""
"TCL","Crops and livestock products","372","Ireland","5922","Export Value","F1887","Dairy Products","2021","2021","1000 USD","3682531.51","A","Official figure",""
"TCL","Crops and livestock products","372","Ireland","5910","Export Quantity","F1887","Dairy Products","2022","2022","t","1124297.4","A","Official figure",""
"TCL","Crops and livestock products","372","Ireland","5922","Export Value","F1887","Dairy Products","2022","2022","1000 USD","4605910.98","A","Official figure",""
"TCL","Crops and livestock products","528","Netherlands (Kingdom of the)","5910","Export Quantity","F1887","Dairy Products","1961","1961","t","556901","A","Official figure",""
"TCL","Crops and livestock products","528","Netherlands (Kingdom of the)","5922","Export Value","F1887","Dairy Products","1961","1961","1000 USD","209484","A","Official figure",""
"TCL","Crops and livestock products","528","Netherlands (Kingdom of the)","5910","Export Quantity","F1887","Dairy Products","1962","1962","t","599821","A","Official figure",""
"TCL","Crops and livestock products","528","Netherlands (Kingdom of the)","5922","Export Value","F1887","Dairy Products","1962","1962","1000 USD","221768","A","Official figure",""
"TCL","Crops and livestock products","528","Netherlands (Kingdom of the)","5910","Export Quantity","F1887","Dairy Products","1963","1963","t","602934","A","Official figure",""
"TCL","Crops and livestock products","528","Netherlands (Kingdom of the)","5922","Export Value","F1887","Dairy Products","1963","1963","1000 USD","231722","A","Official figure",""
"TCL","Crops and livestock products","528","Netherlands (Kingdom of the)","5910","Export Quantity","F1887","Dairy Products","1964","1964","t","602361","A","Official figure",""
"TCL","Crops and livestock products","528","Netherlands (Kingdom of the)","5922","Export Value","F1887","Dairy Products","1964","1964","1000 USD","245154","A","Official figure",""
"TCL","Crops and livestock products","528","Netherlands (Kingdom of the)","5910","Export Quantity","F1887","Dairy Products","1965","1965","t","638503","A","Official figure",""
"TCL","Crops and livestock products","528","Netherlands (Kingdom of the)","5922","Export Value","F1887","Dairy Products","1965","1965","1000 USD","275198","A","Official figure",""
"TCL","Crops and livestock products","528","Netherlands (Kingdom of the)","5910","Export Quantity","F1887","Dairy Products","1966","1966","t","618225","A","Official figure",""
"TCL","Crops and livestock products","528","Netherlands (Kingdom of the)","5922","Export Value","F1887","Dairy Products","1966","1966","1000 USD","276133","A","Official figure",""
"TCL","Crops and livestock products","528","Netherlands (Kingdom of the)","5910","Export Quantity","F1887","Dairy Products","1967","1967","t","634441","A","Official figure",""
"TCL","Crops and livestock products","528","Netherlands (Kingdom of the)","5922","Export Value","F1887","Dairy Products","1967","1967","1000 USD","297435","A","Official figure",""
"TCL","Crops and livestock products","528","Netherlands (Kingdom of the)","5910","Export Quantity","F1887","Dairy Products","1968","1968","t","703450","A","Official figure",""
"TCL","Crops and livestock products","528","Netherlands (Kingdom of the)","5922","Export Value","F1887","Dairy Products","1968","1968","1000 USD","318050","A","Official figure",""
"TCL","Crops and livestock products","528","Netherlands (Kingdom of the)","5910","Export Quantity","F1887","Dairy Products","1969","1969","t","713940","A","Official figure",""
"TCL","Crops and livestock products","528","Netherlands (Kingdom of the)","5922","Export Value","F1887","Dairy Products","1969","1969","1000 USD","340532","A","Official figure",""
"TCL","Crops and livestock products","528","Netherlands (Kingdom of the)","5910","Export Quantity","F1887","Dairy Products","1970","1970","t","836017","A","Official figure",""
"TCL","Crops and livestock products","528","Netherlands (Kingdom of the)","5922","Export Value","F1887","Dairy Products","1970","1970","1000 USD","474172","A","Official figure",""
"TCL","Crops and livestock products","528","Netherlands (Kingdom of the)","5910","Export Quantity","F1887","Dairy Products","1971","1971","t","814209","A","Official figure",""
"TCL","Crops and livestock products","528","Netherlands (Kingdom of the)","5922","Export Value","F1887","Dairy Products","1971","1971","1000 USD","562420","A","Official figure",""
"TCL","Crops and livestock products","528","Netherlands (Kingdom of the)","5910","Export Quantity","F1887","Dairy Products","1972","1972","t","811883","A","Official figure",""
"TCL","Crops and livestock products","528","Netherlands (Kingdom of the)","5922","Export Value","F1887","Dairy Products","1972","1972","1000 USD","639437","A","Official figure",""
"TCL","Crops and livestock products","528","Netherlands (Kingdom of the)","5910","Export Quantity","F1887","Dairy Products","1973","1973","t","1044060","A","Official figure",""
"TCL","Crops and livestock products","528","Netherlands (Kingdom of the)","5922","Export Value","F1887","Dairy Products","1973","1973","1000 USD","883493","A","Official figure",""
"TCL","Crops and livestock products","528","Netherlands (Kingdom of the)","5910","Export Quantity","F1887","Dairy Products","1974","1974","t","1104285","A","Official figure",""
"TCL","Crops and livestock products","528","Netherlands (Kingdom of the)","5922","Export Value","F1887","Dairy Products","1974","1974","1000 USD","1114349","A","Official figure",""
"TCL","Crops and livestock products","528","Netherlands (Kingdom of the)","5910","Export Quantity","F1887","Dairy Products","1975","1975","t","1011168","A","Official figure",""
"TCL","Crops and livestock products","528","Netherlands (Kingdom of the)","5922","Export Value","F1887","Dairy Products","1975","1975","1000 USD","1289328","A","Official figure",""
"TCL","Crops and livestock products","528","Netherlands (Kingdom of the)","5910","Export Quantity","F1887","Dairy Products","1976","1976","t","1203787","A","Official figure",""
"TCL","Crops and livestock products","528","Netherlands (Kingdom of the)","5922","Export Value","F1887","Dairy Products","1976","1976","1000 USD","1474905","A","Official figure",""
"TCL","Crops and livestock products","528","Netherlands (Kingdom of the)","5910","Export Quantity","F1887","Dairy Products","1977","1977","t","1147665","A","Official figure",""
"TCL","Crops and livestock products","528","Netherlands (Kingdom of the)","5922","Export Value","F1887","Dairy Products","1977","1977","1000 USD","1483263","A","Official figure",""
"TCL","Crops and livestock products","528","Netherlands (Kingdom of the)","5910","Export Quantity","F1887","Dairy Products","1978","1978","t","1215442","A","Official figure",""
"TCL","Crops and livestock products","528","Netherlands (Kingdom of the)","5922","Export Value","F1887","Dairy Products","1978","1978","1000 USD","1851571","A","Official figure",""
"TCL","Crops and livestock products","528","Netherlands (Kingdom of the)","5910","Export Quantity","F1887","Dairy Products","1979","1979","t","1447277","A","Official figure",""
"TCL","Crops and livestock products","528","Netherlands (Kingdom of the)","5922","Export Value","F1887","Dairy Products","1979","1979","1000 USD","2195054","A","Official figure",""
"TCL","Crops and livestock products","528","Netherlands (Kingdom of the)","5910","Export Quantity","F1887","Dairy Products","1980","1980","t","1442920","A","Official figure",""
"TCL","Crops and livestock products","528","Netherlands (Kingdom of the)","5922","Export Value","F1887","Dairy Products","1980","1980","1000 USD","2463777","A","Official figure",""
"TCL","Crops and livestock products","528","Netherlands (Kingdom of the)","5910","Export Quantity","F1887","Dairy Products","1981","1981","t","1569182","A","Official figure",""
"TCL","Crops and livestock products","528","Netherlands (Kingdom of the)","5922","Export Value","F1887","Dairy Products","1981","1981","1000 USD","2680876","A","Official figure",""
"TCL","Crops and livestock products","528","Netherlands (Kingdom of the)","5910","Export Quantity","F1887","Dairy Products","1982","1982","t","1585861","A","Official figure",""
"TCL","Crops and livestock products","528","Netherlands (Kingdom of the)","5922","Export Value","F1887","Dairy Products","1982","1982","1000 USD","2710221.63","A","Official figure",""
"TCL","Crops and livestock products","528","Netherlands (Kingdom of the)","5910","Export Quantity","F1887","Dairy Products","1983","1983","t","1514507","A","Official figure",""
"TCL","Crops and livestock products","528","Netherlands (Kingdom of the)","5922","Export Value","F1887","Dairy Products","1983","1983","1000 USD","2417869","A","Official figure",""
"TCL","Crops and livestock products","528","Netherlands (Kingdom of the)","5910","Export Quantity","F1887","Dairy Products","1984","1984","t","1557162","A","Official figure",""
"TCL","Crops and livestock products","528","Netherlands (Kingdom of the)","5922","Export Value","F1887","Dairy Products","1984","1984","1000 USD","2142950","A","Official figure",""
"TCL","Crops and livestock products","528","Netherlands (Kingdom of the)","5910","Export Quantity","F1887","Dairy Products","1985","1985","t","1568648","A","Official figure",""
"TCL","Crops and livestock products","528","Netherlands (Kingdom of the)","5922","Export Value","F1887","Dairy Products","1985","1985","1000 USD","2071098","A","Official figure",""
"TCL","Crops and livestock products","528","Netherlands (Kingdom of the)","5910","Export Quantity","F1887","Dairy Products","1986","1986","t","1537282","A","Official figure",""
"TCL","Crops and livestock products","528","Netherlands (Kingdom of the)","5922","Export Value","F1887","Dairy Products","1986","1986","1000 USD","2620381","A","Official figure",""
"TCL","Crops and livestock products","528","Netherlands (Kingdom of the)","5910","Export Quantity","F1887","Dairy Products","1987","1987","t","1763583","A","Official figure",""
"TCL","Crops and livestock products","528","Netherlands (Kingdom of the)","5922","Export Value","F1887","Dairy Products","1987","1987","1000 USD","3084459","A","Official figure",""
"TCL","Crops and livestock products","528","Netherlands (Kingdom of the)","5910","Export Quantity","F1887","Dairy Products","1988","1988","t","1975995","A","Official figure",""
"TCL","Crops and livestock products","528","Netherlands (Kingdom of the)","5922","Export Value","F1887","Dairy Products","1988","1988","1000 USD","3880631","A","Official figure",""
"TCL","Crops and livestock products","528","Netherlands (Kingdom of the)","5910","Export Quantity","F1887","Dairy Products","1989","1989","t","1900387","A","Official figure",""
"TCL","Crops and livestock products","528","Netherlands (Kingdom of the)","5922","Export Value","F1887","Dairy Products","1989","1989","1000 USD","4134867","A","Official figure",""
"TCL","Crops and livestock products","528","Netherlands (Kingdom of the)","5910","Export Quantity","F1887","Dairy Products","1990","1990","t","1647799","A","Official figure",""
"TCL","Crops and livestock products","528","Netherlands (Kingdom of the)","5922","Export Value","F1887","Dairy Products","1990","1990","1000 USD","3968704","A","Official figure",""
"TCL","Crops and livestock products","528","Netherlands (Kingdom of the)","5910","Export Quantity","F1887","Dairy Products","1991","1991","t","1620105","A","Official figure",""
"TCL","Crops and livestock products","528","Netherlands (Kingdom of the)","5922","Export Value","F1887","Dairy Products","1991","1991","1000 USD","3811106","A","Official figure",""
"TCL","Crops and livestock products","528","Netherlands (Kingdom of the)","5910","Export Quantity","F1887","Dairy Products","1992","1992","t","1630591","A","Official figure",""
"TCL","Crops and livestock products","528","Netherlands (Kingdom of the)","5922","Export Value","F1887","Dairy Products","1992","1992","1000 USD","4314374","A","Official figure",""
"TCL","Crops and livestock products","528","Netherlands (Kingdom of the)","5910","Export Quantity","F1887","Dairy Products","1993","1993","t","1596702","A","Official figure",""
"TCL","Crops and livestock products","528","Netherlands (Kingdom of the)","5922","Export Value","F1887","Dairy Products","1993","1993","1000 USD","3958767","A","Official figure",""
"TCL","Crops and livestock products","528","Netherlands (Kingdom of the)","5910","Export Quantity","F1887","Dairy Products","1994","1994","t","1518979","A","Official figure",""
"TCL","Crops and livestock products","528","Netherlands (Kingdom of the)","5922","Export Value","F1887","Dairy Products","1994","1994","1000 USD","3911452","A","Official figure",""
"TCL","Crops and livestock products","528","Netherlands (Kingdom of the)","5910","Export Quantity","F1887","Dairy Products","1995","1995","t","1600608","A","Official figure",""
"TCL","Crops and livestock products","528","Netherlands (Kingdom of the)","5922","Export Value","F1887","Dairy Products","1995","1995","1000 USD","4397248","A","Official figure",""
"TCL","Crops and livestock products","528","Netherlands (Kingdom of the)","5910","Export Quantity","F1887","Dairy Products","1996","1996","t","1574477","A","Official figure",""
"TCL","Crops and livestock products","528","Netherlands (Kingdom of the)","5922","Export Value","F1887","Dairy Products","1996","1996","1000 USD","4298838","A","Official figure",""
"TCL","Crops and livestock products","528","Netherlands (Kingdom of the)","5910","Export Quantity","F1887","Dairy Products","1997","1997","t","1421881","A","Official figure",""
"TCL","Crops and livestock products","528","Netherlands (Kingdom of the)","5922","Export Value","F1887","Dairy Products","1997","1997","1000 USD","3390940","A","Official figure",""
"TCL","Crops and livestock products","528","Netherlands (Kingdom of the)","5910","Export Quantity","F1887","Dairy Products","1998","1998","t","1459185","A","Official figure",""
"TCL","Crops and livestock products","528","Netherlands (Kingdom of the)","5922","Export Value","F1887","Dairy Products","1998","1998","1000 USD","3451937","A","Official figure",""
"TCL","Crops and livestock products","528","Netherlands (Kingdom of the)","5910","Export Quantity","F1887","Dairy Products","1999","1999","t","1643897","A","Official figure",""
"TCL","Crops and livestock products","528","Netherlands (Kingdom of the)","5922","Export Value","F1887","Dairy Products","1999","1999","1000 USD","3403007","A","Official figure",""
"TCL","Crops and livestock products","528","Netherlands (Kingdom of the)","5910","Export Quantity","F1887","Dairy Products","2000","2000","t","1560405","A","Official figure",""
"TCL","Crops and livestock products","528","Netherlands (Kingdom of the)","5922","Export Value","F1887","Dairy Products","2000","2000","1000 USD","2861053.55","A","Official figure",""
"TCL","Crops and livestock products","528","Netherlands (Kingdom of the)","5910","Export Quantity","F1887","Dairy Products","2001","2001","t","1482097","A","Official figure",""
"TCL","Crops and livestock products","528","Netherlands (Kingdom of the)","5922","Export Value","F1887","Dairy Products","2001","2001","1000 USD","2979680","A","Official figure",""
"TCL","Crops and livestock products","528","Netherlands (Kingdom of the)","5910","Export Quantity","F1887","Dairy Products","2002","2002","t","1536427","A","Official figure",""
"TCL","Crops and livestock products","528","Netherlands (Kingdom of the)","5922","Export Value","F1887","Dairy Products","2002","2002","1000 USD","3046892","A","Official figure",""
"TCL","Crops and livestock products","528","Netherlands (Kingdom of the)","5910","Export Quantity","F1887","Dairy Products","2003","2003","t","2086784","A","Official figure",""
"TCL","Crops and livestock products","528","Netherlands (Kingdom of the)","5922","Export Value","F1887","Dairy Products","2003","2003","1000 USD","4208584","A","Official figure",""
"TCL","Crops and livestock products","528","Netherlands (Kingdom of the)","5910","Export Quantity","F1887","Dairy Products","2004","2004","t","1887752","A","Official figure",""
"TCL","Crops and livestock products","528","Netherlands (Kingdom of the)","5922","Export Value","F1887","Dairy Products","2004","2004","1000 USD","4258988","A","Official figure",""
"TCL","Crops and livestock products","528","Netherlands (Kingdom of the)","5910","Export Quantity","F1887","Dairy Products","2005","2005","t","1963547","A","Official figure",""
"TCL","Crops and livestock products","528","Netherlands (Kingdom of the)","5922","Export Value","F1887","Dairy Products","2005","2005","1000 USD","4498986","A","Official figure",""
"TCL","Crops and livestock products","528","Netherlands (Kingdom of the)","5910","Export Quantity","F1887","Dairy Products","2006","2006","t","1960633","A","Official figure",""
"TCL","Crops and livestock products","528","Netherlands (Kingdom of the)","5922","Export Value","F1887","Dairy Products","2006","2006","1000 USD","4591219","A","Official figure",""
"TCL","Crops and livestock products","528","Netherlands (Kingdom of the)","5910","Export Quantity","F1887","Dairy Products","2007","2007","t","1967550","E","Estimated value",""
"TCL","Crops and livestock products","528","Netherlands (Kingdom of the)","5922","Export Value","F1887","Dairy Products","2007","2007","1000 USD","5683054","A","Official figure",""
"TCL","Crops and livestock products","528","Netherlands (Kingdom of the)","5910","Export Quantity","F1887","Dairy Products","2008","2008","t","2011065","E","Estimated value",""
"TCL","Crops and livestock products","528","Netherlands (Kingdom of the)","5922","Export Value","F1887","Dairy Products","2008","2008","1000 USD","6778638","A","Official figure",""
"TCL","Crops and livestock products","528","Netherlands (Kingdom of the)","5910","Export Quantity","F1887","Dairy Products","2009","2009","t","2182467","A","Official figure",""
"TCL","Crops and livestock products","528","Netherlands (Kingdom of the)","5922","Export Value","F1887","Dairy Products","2009","2009","1000 USD","5409438","A","Official figure",""
"TCL","Crops and livestock products","528","Netherlands (Kingdom of the)","5910","Export Quantity","F1887","Dairy Products","2010","2010","t","2259448","E","Estimated value",""
"TCL","Crops and livestock products","528","Netherlands (Kingdom of the)","5922","Export Value","F1887","Dairy Products","2010","2010","1000 USD","6499643","A","Official figure",""
"TCL","Crops and livestock products","528","Netherlands (Kingdom of the)","5910","Export Quantity","F1887","Dairy Products","2011","2011","t","2380054","A","Official figure",""
"TCL","Crops and livestock products","528","Netherlands (Kingdom of the)","5922","Export Value","F1887","Dairy Products","2011","2011","1000 USD","7777914","A","Official figure",""
"TCL","Crops and livestock products","528","Netherlands (Kingdom of the)","5910","Export Quantity","F1887","Dairy Products","2012","2012","t","2202375","A","Official figure",""
"TCL","Crops and livestock products","528","Netherlands (Kingdom of the)","5922","Export Value","F1887","Dairy Products","2012","2012","1000 USD","6705554","A","Official figure",""
"TCL","Crops and livestock products","528","Netherlands (Kingdom of the)","5910","Export Quantity","F1887","Dairy Products","2013","2013","t","2104596","A","Official figure",""
"TCL","Crops and livestock products","528","Netherlands (Kingdom of the)","5922","Export Value","F1887","Dairy Products","2013","2013","1000 USD","7343983","A","Official figure",""
"TCL","Crops and livestock products","528","Netherlands (Kingdom of the)","5910","Export Quantity","F1887","Dairy Products","2014","2014","t","2176686.39","A","Official figure",""
"TCL","Crops and livestock products","528","Netherlands (Kingdom of the)","5922","Export Value","F1887","Dairy Products","2014","2014","1000 USD","7489877.46","A","Official figure",""
"TCL","Crops and livestock products","528","Netherlands (Kingdom of the)","5910","Export Quantity","F1887","Dairy Products","2015","2015","t","2431806.95","A","Official figure",""
"TCL","Crops and livestock products","528","Netherlands (Kingdom of the)","5922","Export Value","F1887","Dairy Products","2015","2015","1000 USD","6379093.68","A","Official figure",""
"TCL","Crops and livestock products","528","Netherlands (Kingdom of the)","5910","Export Quantity","F1887","Dairy Products","2016","2016","t","2622002.58","A","Official figure",""
"TCL","Crops and livestock products","528","Netherlands (Kingdom of the)","5922","Export Value","F1887","Dairy Products","2016","2016","1000 USD","6690775.81","A","Official figure",""
"TCL","Crops and livestock products","528","Netherlands (Kingdom of the)","5910","Export Quantity","F1887","Dairy Products","2017","2017","t","3163368.43","A","Official figure",""
"TCL","Crops and livestock products","528","Netherlands (Kingdom of the)","5922","Export Value","F1887","Dairy Products","2017","2017","1000 USD","8790980.37","A","Official figure",""
"TCL","Crops and livestock products","528","Netherlands (Kingdom of the)","5910","Export Quantity","F1887","Dairy Products","2018","2018","t","2942175.01","A","Official figure",""
"TCL","Crops and livestock products","528","Netherlands (Kingdom of the)","5922","Export Value","F1887","Dairy Products","2018","2018","1000 USD","8779276.74","A","Official figure",""
"TCL","Crops and livestock products","528","Netherlands (Kingdom of the)","5910","Export Quantity","F1887","Dairy Products","2019","2019","t","3047496.27","A","Official figure",""
"TCL","Crops and livestock products","528","Netherlands (Kingdom of the)","5922","Export Value","F1887","Dairy Products","2019","2019","1000 USD","8406272.74","A","Official figure",""
"TCL","Crops and livestock products","528","Netherlands (Kingdom of the)","5910","Export Quantity","F1887","Dairy Products","2020","2020","t","2805970.19","A","Official figure",""
"TCL","Crops and livestock products","528","Netherlands (Kingdom of the)","5922","Export Value","F1887","Dairy Products","2020","2020","1000 USD","8343810.45","A","Official figure",""
"TCL","Crops and livestock products","528","Netherlands (Kingdom of the)","5910","Export Quantity","F1887","Dairy Products","2021","2021","t","3060519.25","A","Official figure",""
"TCL","Crops and livestock products","528","Netherlands (Kingdom of the)","5922","Export Value","F1887","Dairy Products","2021","2021","1000 USD","9162549.39","A","Official figure",""
"TCL","Crops and livestock products","528","Netherlands (Kingdom of the)","5910","Export Quantity","F1887","Dairy Products","2022","2022","t","3260183.23","A","Official figure",""
"TCL","Crops and livestock products","528","Netherlands (Kingdom of the)","5922","Export Value","F1887","Dairy Products","2022","2022","1000 USD","11462258.37","A","Official figure",""
